取得週,取得日,対象日,施設名,施設No.,人数,朝食,夕食,最低価格
2026/04/06,2026/04/09,2026/04/09,【2食】銘庭の宿　ホテル甲子園,18659,2,1,1,×
2026/04/06,2026/04/09,2026/04/10,【2食】銘庭の宿　ホテル甲子園,18659,2,1,1,×
2026/04/06,2026/04/09,2026/04/11,【2食】銘庭の宿　ホテル甲子園,18659,2,1,1,×
2026/04/06,2026/04/09,2026/04/12,【2食】銘庭の宿　ホテル甲子園,18659,2,1,1,×
2026/04/06,2026/04/09,2026/04/13,【2食】銘庭の宿　ホテル甲子園,18659,2,1,1,×
2026/04/06,2026/04/09,2026/04/14,【2食】銘庭の宿　ホテル甲子園,18659,2,1,1,×
2026/04/06,2026/04/09,2026/04/15,【2食】銘庭の宿　ホテル甲子園,18659,2,1,1,×
2026/04/06,2026/04/09,2026/04/16,【2食】銘庭の宿　ホテル甲子園,18659,2,1,1,×
2026/04/06,2026/04/09,2026/04/17,【2食】銘庭の宿　ホテル甲子園,18659,2,1,1,×
2026/04/06,2026/04/09,2026/04/18,【2食】銘庭の宿　ホテル甲子園,18659,2,1,1,×
2026/04/06,2026/04/09,2026/04/19,【2食】銘庭の宿　ホテル甲子園,18659,2,1,1,×
2026/04/06,2026/04/09,2026/04/20,【2食】銘庭の宿　ホテル甲子園,18659,2,1,1,×
2026/04/06,2026/04/09,2026/04/21,【2食】銘庭の宿　ホテル甲子園,18659,2,1,1,×
